Frame,Score,Motion,People,Level
0,0.05,0.0,0,Normal
1,0.05,0.0,6,Normal
2,0.05,0.0,6,Normal
3,0.7,0.0,6,Medium
4,0.73,0.062338562449686157,6,High
5,0.73,0.05916732776445265,6,High
6,0.73,0.05374844957315147,6,High
7,0.76,0.11050573470916805,6,High
8,0.73,0.06188486200782821,6,High
9,0.73,0.050732842898330945,6,High
10,0.72,0.046986218428112826,6,High
11,0.71,0.018915671213504032,6,High
12,0.71,0.02299356281456889,6,High
13,0.77,0.14710100230643489,6,High
14,0.72,0.047192305107689445,6,High
15,0.9,0.3910082615328851,6,High
16,0.65,0.007161309092275184,5,Medium
17,0.05,0.0,5,Normal
18,0.05,0.0,5,Normal
19,0.7,0.0,6,Medium
20,0.05,0.0,6,Normal
21,0.05,0.0,6,Normal
22,0.65,0.0,5,Medium
23,0.67,0.03794840473540131,5,Medium
24,0.74,0.1878292600155897,5,High
25,0.05,0.0,5,Normal
26,0.05,0.0,5,Normal
27,0.05,0.0,5,Normal
28,0.05,0.0,5,Normal
29,0.65,0.0,5,Medium
30,0.05,0.0,5,Normal
31,0.05,0.0,5,Normal
32,0.05,0.0,5,Normal
33,0.05,0.0,6,Normal
34,0.05,0.0,7,Normal
35,0.05,0.0,6,Normal
36,0.05,0.0,6,Normal
37,0.05,0.0,6,Normal
38,0.05,0.0,6,Normal
39,0.65,0.0,5,Medium
40,0.05,0.0,5,Normal
41,0.05,0.0,5,Normal
42,0.05,0.0,5,Normal
43,0.05,0.0,4,Normal
44,0.05,0.0,4,Normal
45,0.05,0.0,5,Normal
46,0.05,0.0,5,Normal
47,0.65,0.0,5,Medium
48,0.66,0.021608012957617422,5,Medium
49,0.67,0.03797810965974916,5,Medium
50,0.05,0.0,5,Normal
51,0.05,0.0,5,Normal
52,0.05,0.0,5,Normal
53,0.05,0.0,5,Normal
54,0.05,0.0,5,Normal
55,0.65,0.0,5,Medium
56,0.72,0.14636053382987127,5,High
57,0.65,0.008713626363720473,5,Medium
58,0.67,0.03847747292570841,5,Medium
59,0.05,0.0,5,Normal
60,0.05,0.0,5,Normal
61,0.05,0.0,5,Normal
62,0.05,0.0,5,Normal
63,0.05,0.0,5,Normal
64,0.05,0.0,5,Normal
65,0.05,0.0,6,Normal
66,0.05,0.0,6,Normal
67,0.05,0.0,6,Normal
68,0.05,0.0,5,Normal
69,0.05,0.0,6,Normal
70,0.05,0.0,5,Normal
71,0.05,0.0,6,Normal
72,0.65,0.0,5,Medium
73,0.05,0.0,5,Normal
74,0.05,0.0,5,Normal
75,0.05,0.0,4,Normal
76,0.05,0.0,2,Normal
77,0.05,0.0,2,Normal
78,0.05,0.0,2,Normal
79,0.05,0.0,1,Normal
80,0.05,0.0,0,Normal
81,0.05,0.0,0,Normal
82,0.05,0.0,0,Normal
83,0.05,0.0,3,Normal
84,0.05,0.0,3,Normal
85,0.05,0.0,3,Normal
86,0.05,0.0,3,Normal
87,0.05,0.0,3,Normal
88,0.05,0.0,3,Normal
89,0.05,0.0,3,Normal
90,0.05,0.0,3,Normal
91,0.05,0.0,3,Normal
92,0.05,0.0,3,Normal
93,0.05,0.0,3,Normal
94,0.05,0.0,3,Normal
95,0.05,0.0,3,Normal
96,0.05,0.0,3,Normal
97,0.05,0.0,3,Normal
98,0.05,0.0,3,Normal
99,0.05,0.0,3,Normal
100,0.05,0.0,4,Normal
101,0.05,0.0,4,Normal
102,0.05,0.0,3,Normal
103,0.05,0.0,3,Normal
104,0.05,0.0,3,Normal
105,0.05,0.0,3,Normal
106,0.05,0.0,3,Normal
107,0.05,0.0,3,Normal
108,0.05,0.0,3,Normal
109,0.05,0.0,3,Normal
110,0.05,0.0,3,Normal
111,0.05,0.0,3,Normal
112,0.05,0.0,3,Normal
113,0.05,0.0,3,Normal
114,0.05,0.0,3,Normal
115,0.05,0.0,3,Normal
116,0.05,0.0,3,Normal
117,0.05,0.0,3,Normal
118,0.05,0.0,3,Normal
119,0.05,0.0,3,Normal
120,0.05,0.0,3,Normal
121,0.05,0.0,3,Normal
122,0.05,0.0,3,Normal
123,0.05,0.0,3,Normal
124,0.05,0.0,3,Normal
125,0.05,0.0,3,Normal
126,0.05,0.0,3,Normal
127,0.05,0.0,3,Normal
128,0.05,0.0,3,Normal
129,0.05,0.0,3,Normal
130,0.05,0.0,3,Normal
131,0.05,0.0,3,Normal
132,0.05,0.0,3,Normal
133,0.05,0.0,3,Normal
134,0.05,0.0,3,Normal
135,0.05,0.0,3,Normal
136,0.55,0.0,3,Medium
137,0.58,0.05517109976464011,3,Medium
138,0.05,0.0,3,Normal
139,0.05,0.0,3,Normal
140,0.05,0.0,3,Normal
141,0.05,0.0,3,Normal
142,0.55,0.0,3,Medium
143,0.62,0.13165551537875664,3,Medium
144,0.62,0.14546832378365263,3,Medium
145,0.59,0.08807496793466768,3,Medium
146,0.59,0.07207928877924305,3,Medium
147,0.59,0.08573910875534782,3,Medium
148,0.05,0.0,3,Normal
149,0.05,0.0,3,Normal
150,0.05,0.0,4,Normal
151,0.05,0.0,5,Normal
152,0.05,0.0,5,Normal
153,0.05,0.0,5,Normal
154,0.05,0.0,5,Normal
155,0.05,0.0,4,Normal
156,0.05,0.0,3,Normal
157,0.05,0.0,3,Normal
158,0.05,0.0,3,Normal
159,0.05,0.0,3,Normal
160,0.05,0.0,3,Normal
161,0.05,0.0,4,Normal
162,0.6,0.0,4,Medium
163,0.63,0.0698328422936158,4,Medium
164,0.05,0.0,5,Normal
165,0.05,0.0,5,Normal
166,0.05,0.0,5,Normal
167,0.05,0.0,5,Normal
168,0.05,0.0,5,Normal
169,0.05,0.0,5,Normal
170,0.05,0.0,4,Normal
171,0.05,0.0,4,Normal
172,0.05,0.0,3,Normal
173,0.05,0.0,3,Normal
174,0.05,0.0,4,Normal
175,0.05,0.0,4,Normal
176,0.05,0.0,4,Normal
177,0.05,0.0,4,Normal
178,0.6,0.0,4,Medium
179,0.05,0.0,4,Normal
180,0.6,0.0,4,Medium
181,0.05,0.0,3,Normal
182,0.6,0.0,4,Medium
183,0.05,0.0,3,Normal
184,0.05,0.0,3,Normal
185,0.05,0.0,3,Normal
186,0.05,0.0,3,Normal
187,0.05,0.0,3,Normal
188,0.05,0.0,3,Normal
189,0.05,0.0,3,Normal
190,0.05,0.0,3,Normal
191,0.05,0.0,3,Normal
192,0.05,0.0,3,Normal
193,0.05,0.0,3,Normal
194,0.05,0.0,3,Normal
195,0.05,0.0,3,Normal
196,0.05,0.0,4,Normal
197,0.05,0.0,4,Normal
198,0.05,0.0,3,Normal
199,0.05,0.0,3,Normal
200,0.05,0.0,3,Normal
201,0.05,0.0,3,Normal
202,0.05,0.0,4,Normal
203,0.05,0.0,3,Normal
204,0.05,0.0,3,Normal
205,0.05,0.0,3,Normal
206,0.05,0.0,3,Normal
207,0.05,0.0,3,Normal
208,0.05,0.0,3,Normal
209,0.05,0.0,3,Normal
210,0.05,0.0,3,Normal
211,0.05,0.0,3,Normal
212,0.05,0.0,3,Normal
213,0.05,0.0,3,Normal
214,0.05,0.0,3,Normal
215,0.05,0.0,3,Normal
216,0.05,0.0,3,Normal
217,0.05,0.0,3,Normal
218,0.05,0.0,3,Normal
219,0.05,0.0,3,Normal
220,0.05,0.0,3,Normal
221,0.05,0.0,3,Normal
222,0.05,0.0,3,Normal
223,0.05,0.0,3,Normal
224,0.05,0.0,3,Normal
225,0.05,0.0,3,Normal
226,0.05,0.0,3,Normal
227,0.05,0.0,3,Normal
228,0.05,0.0,3,Normal
229,0.05,0.0,3,Normal
230,0.05,0.0,3,Normal
231,0.05,0.0,3,Normal
232,0.05,0.0,4,Normal
233,0.05,0.0,4,Normal
234,0.05,0.0,4,Normal
235,0.05,0.0,4,Normal
236,0.05,0.0,4,Normal
237,0.05,0.0,4,Normal
238,0.05,0.0,5,Normal
239,0.05,0.0,5,Normal
240,0.05,0.0,4,Normal
241,0.6,0.0,4,Medium
242,0.05,0.0,4,Normal
243,0.05,0.0,3,Normal
244,0.05,0.0,3,Normal
245,0.05,0.0,3,Normal
246,0.05,0.0,3,Normal
247,0.05,0.0,3,Normal
248,0.05,0.0,3,Normal
249,0.05,0.0,3,Normal
250,0.05,0.0,3,Normal
251,0.05,0.0,3,Normal
252,0.05,0.0,3,Normal
253,0.05,0.0,3,Normal
254,0.05,0.0,3,Normal
255,0.05,0.0,4,Normal
256,0.05,0.0,4,Normal
257,0.65,0.0,5,Medium
258,0.05,0.0,4,Normal
259,0.05,0.0,4,Normal
260,0.6,0.0,4,Medium
261,0.61,0.028711169524196344,4,Medium
262,0.61,0.02583770518148621,4,Medium
263,0.61,0.025408077499706205,4,Medium
264,0.05,0.0,4,Normal
265,0.05,0.0,4,Normal
266,0.05,0.0,3,Normal
267,0.05,0.0,3,Normal
268,0.7,0.0,6,Medium
269,0.67,0.04326157167319632,5,Medium
270,0.83,0.15510335017680688,7,High
271,0.78,0.06381624680908879,7,High
272,0.05,0.0,4,Normal
273,0.05,0.0,4,Normal
274,0.05,0.0,4,Normal
275,0.05,0.0,6,Normal
276,0.05,0.0,3,Normal
277,0.05,0.0,3,Normal
278,0.05,0.0,3,Normal
279,0.05,0.0,2,Normal
280,0.55,0.0,3,Medium
281,0.58,0.06784501797567095,3,Medium
282,0.59,0.07441137482493647,3,Medium
283,0.79,0.48785698604073785,3,High
284,0.57,0.036695179718830205,3,Medium
285,0.05,0.0,3,Normal
286,0.55,0.0,3,Medium
287,0.7,0.39238653927174155,2,Medium
288,0.51,0.0197866091312139,2,Medium
289,0.05,0.0,5,Normal
290,0.65,0.0,5,Medium
291,0.05,0.0,5,Normal
292,0.05,0.0,3,Normal
293,0.55,0.0,3,Medium
294,0.74,0.37441652408625953,3,High
295,0.05,0.0,3,Normal
296,0.55,0.0,3,Medium
297,0.57,0.04037532257130116,3,Medium
298,0.57,0.049895134940571635,3,Medium
299,0.57,0.04675683101067265,3,Medium
300,0.58,0.05486758356630243,3,Medium
301,0.63,0.05796611265173774,4,Medium
302,0.63,0.06840568722020555,4,Medium
303,0.66,0.024375092280764166,5,Medium
304,0.05,0.0,4,Normal
305,0.6,0.0,4,Medium
306,0.62,0.04695074749752069,4,Medium
307,0.57,0.03572809577503482,3,Medium
308,0.62,0.0369072222579576,4,Medium
309,0.63,0.05185595533459859,4,Medium
310,0.84,0.5825901339326994,3,High
311,0.05,0.0,3,Normal
312,0.05,0.0,3,Normal
313,0.55,0.0,3,Medium
314,0.05,0.0,5,Normal
315,0.05,0.0,5,Normal
316,0.05,0.0,5,Normal
317,0.6,0.0,4,Medium
318,0.05,0.0,5,Normal
319,0.05,0.0,6,Normal
320,0.05,0.0,6,Normal
321,0.05,0.0,5,Normal
322,0.7,0.0,6,Medium
323,0.05,0.0,6,Normal
324,0.05,0.0,6,Normal
325,0.05,0.0,7,Normal
326,0.05,0.0,7,Normal
327,0.05,0.0,8,Normal
328,0.05,0.0,8,Normal
329,0.05,0.0,6,Normal
330,0.05,0.0,6,Normal
331,0.7,0.0,6,Medium
332,0.71,0.01771895846057671,6,High
333,0.66,0.018893729046297814,5,Medium
334,0.73,0.051650140114673206,6,High
335,0.67,0.03840848590666961,5,Medium
336,0.67,0.04911444614685085,5,Medium
337,0.68,0.06540496823342308,5,Medium
338,0.75,0.10241028321402788,6,High
339,0.05,0.0,6,Normal
340,0.05,0.0,6,Normal
341,0.65,0.0,5,Medium
342,0.67,0.04547910398057982,5,Medium
